{"cameraMode":{"drawMode":0,"name":"Shaded","section":"Shading Mode"},"sceneLighting":false,"audioPlay":false,"sceneViewState":{"m_AlwaysRefresh":false,"showFog":true,"showSkybox":false,"showFlares":true,"showImageEffects":true,"showParticleSystems":true,"showVisualEffectGraphs":true,"m_FxEnabled":true},"in2DMode":false,"pivot":{"x":0.10260278731584549,"y":-0.48307788372039797,"z":-0.8795565962791443},"rotation":{"x":0.01922759599983692,"y":0.9708573818206787,"z":-0.22405344247817994,"w":0.08318710327148438},"size":1.0141429901123047,"orthographic":false}